year,state_abbr,state_name,population,violent_crime,homicide,rape_legacy,rape_revised,robbery,aggravated_assault,property_crime,burglary,larceny,motor_vehicle_theft
2011,,,311587816,1206031,14661,84175,,354772,752423,9052743,2185140,6151095,716508
2011,AK,Alaska,723860,4416,30,436,,576,3374,19094,2852,14854,1388
2011,AL,Alabama,4803689,20166,299,1370,,4906,13591,173192,51119,111411,10662
2011,AR,Arkansas,2938582,14173,160,1230,,2357,10426,110430,34016,70645,5769
2011,AZ,Arizona,6467315,26789,397,2499,,7145,16748,229896,54695,155400,19801
2011,CA,California,37683933,154943,1792,7665,,54291,91195,973822,230075,596905,146842
2011,CO,Colorado,5116302,16085,155,2285,,3299,10346,132781,25725,96054,11002
2011,CT,Connecticut,3586717,9889,129,689,,3689,5382,77205,15468,55067,6670
2011,DC,District of Columbia,619020,7433,108,173,,4094,3058,29654,3850,21347,4457
2011,DE,Delaware,908137,5144,48,307,,1558,3231,31163,7617,22001,1545
2011,FL,Florida,19082262,98198,984,5273,,25622,66319,671200,170171,461408,39621
2011,GA,Georgia,9812460,36762,549,2066,,12266,21881,357235,96014,231543,29678
2011,HI,Hawaii,1378129,3465,20,353,,994,2098,43874,8165,31240,4469
2011,IA,Iowa,3064097,7883,44,866,,824,6149,72043,17573,50472,3998
2011,ID,Idaho,1583744,3202,35,444,,188,2535,32875,6915,24629,1331
2011,IL,Illinois,12859752,54523,781,3030,,20217,30495,344468,77719,237362,29387
2011,IN,Indiana,6516353,21619,306,1758,,6977,12578,206016,50571,140630,14815
2011,KS,Kansas,2870386,10209,111,1122,,1448,7528,88655,18712,63259,6684
2011,KY,Kentucky,4366814,10465,151,1499,,3705,5110,119037,32750,79586,6701
2011,LA,Louisiana,4574766,25373,506,1262,,5235,18370,168529,46242,113174,9113
2011,MA,Massachusetts,6607003,28232,184,1654,,6768,19626,148829,36403,101644,10782
2011,MD,Maryland,5839572,28817,399,1200,,10342,16876,166846,35823,114951,16072
2011,ME,Maine,1328544,1638,26,394,,370,848,33829,7865,24886,1078
2011,MI,Michigan,9876801,43731,617,4344,,10263,28507,251329,69755,156666,24908
2011,MN,Minnesota,5347299,12323,75,2113,,3385,6750,136183,25681,102354,8148
2011,MO,Missouri,6008984,26888,366,1469,,6275,18778,199085,44875,138879,15331
2011,MS,Mississippi,2977457,8009,232,863,,2496,4418,89809,30722,54179,4908
2011,MT,Montana,997667,2755,29,366,,171,2189,23885,3347,19089,1449
2011,NC,North Carolina,9651103,33421,498,1959,,9448,21516,337806,105534,215453,16819
2011,ND,North Dakota,684740,1699,24,266,,91,1318,13334,2458,9891,985
2011,NE,Nebraska,1842234,4672,68,699,,993,2912,50894,8725,38060,4109
2011,NH,New Hampshire,1317807,2864,16,581,,509,1758,32756,6244,25398,1114
2011,NJ,New Jersey,8834773,27203,380,1006,,12209,13608,189719,43238,129066,17415
2011,NM,New Mexico,2078674,11904,158,856,,1720,9170,73549,21419,46730,5400
2011,NV,Nevada,2720028,15452,139,913,,4308,10092,70075,20342,40156,9577
2011,NY,New York,19501616,77463,769,2751,,28405,45538,371837,65227,287361,19249
2011,OH,Ohio,11541007,35218,500,3679,,15991,15048,380572,112901,246744,20927
2011,OK,Oklahoma,3784163,17311,212,1410,,3288,12401,127618,36462,80064,11092
2011,OR,Oregon,3868229,9643,84,1239,,2237,6083,121869,20704,92059,9106
2011,PA,Pennsylvania,12743948,46189,639,3339,,16165,26046,283442,57966,208604,16872
2011,RI,Rhode Island,1050646,2586,20,319,,744,1503,27976,6836,18765,2375
2011,SC,South Carolina,4673348,27894,320,1678,,4631,21265,183243,47351,122255,13637
2011,SD,South Dakota,823593,2105,20,503,,167,1415,15299,2927,11423,949
2011,TN,Tennessee,6399787,38895,380,2095,,8082,28338,230900,62830,153928,14142
2011,TX,Texas,25631778,104734,1130,7486,,28620,67498,892810,215755,613131,63924
2011,UT,Utah,2814347,5547,50,901,,1079,3517,84084,13170,64727,6187
2011,VA,Virginia,8104384,16014,304,1591,,5425,8694,182902,30656,142476,9770
2011,VT,Vermont,626592,925,11,146,,99,669,15086,3838,10720,528
2011,WA,Washington,6823267,20152,163,2320,,5627,12042,244209,56561,162828,24820
2011,WI,Wisconsin,5709843,14268,138,1190,,4600,8340,139912,27167,104472,8273
2011,WV,West Virginia,1854908,5497,87,372,,802,4236,39009,10245,26656,2108
2011,WY,Wyoming,567356,1245,18,146,,71,1010,12878,1864,10493,521
2012,,,313873685,1217057,14856,85141,,355051,762009,9001992,2109932,6168874,723186
2012,AK,Alaska,730307,4412,30,583,,630,3169,20037,2950,15565,1522
2012,AL,Alabama,4817528,21693,342,1296,,5020,15035,168878,47481,111523,9874
2012,AR,Arkansas,2949828,13851,174,1233,,2310,10134,109389,32673,70982,5734
2012,AZ,Arizona,6551149,28077,358,2282,,7383,18054,231701,52911,159808,18982
2012,CA,California,37999878,160944,1884,7837,,56521,94702,1049465,245767,635090,168608
2012,CO,Colorado,5189458,15951,152,2122,,3392,10285,139355,26163,101091,12101
2012,CT,Connecticut,3591765,10183,117,933,,3709,5424,77169,14787,55904,6478
2012,DC,District of Columbia,633427,7866,88,236,,4037,3505,30757,3519,23575,3663
2012,DE,Delaware,917053,5048,56,249,,1498,3245,30707,7389,21880,1438
2012,FL,Florida,19320749,94087,1009,5260,,23889,63929,632988,153563,442095,37330
2012,GA,Georgia,9915646,37675,583,2143,,12502,22447,339473,86992,223875,28606
2012,HI,Hawaii,1390090,3378,21,279,,1125,1953,43419,7653,31901,3865
2012,IA,Iowa,3075039,8167,49,901,,962,6255,70357,17201,49116,4040
2012,ID,Idaho,1595590,3348,30,495,,243,2580,31825,7240,23203,1382
2012,IL,Illinois,12868192,53556,770,3581,,19480,29725,332706,71100,235314,26292
2012,IN,Indiana,6537782,22544,307,1661,,6601,13975,197994,47689,136668,13637
2012,KS,Kansas,2885398,10292,85,1105,,1493,7609,91066,18874,65413,6779
2012,KY,Kentucky,4379730,9852,201,1312,,3547,4792,112800,29877,76199,6724
2012,LA,Louisiana,4602134,22839,489,1155,,5458,15737,162673,42037,112764,7872
2012,MA,Massachusetts,6645303,27047,121,1650,,6555,18721,143325,34635,99453,9237
2012,MD,Maryland,5884868,28086,373,1237,,10173,16303,162309,33803,113550,14956
2012,ME,Maine,1328501,1626,26,372,,420,808,33398,7476,24931,991
2012,MI,Michigan,9882519,44962,701,4635,,10423,29203,249249,65560,158609,25080
2012,MN,Minnesota,5379646,12419,99,1638,,3475,7207,138152,25378,104316,8458
2012,MO,Missouri,6024522,27189,390,1527,,5782,19490,199813,42510,140971,16332
2012,MS,Mississippi,2986450,7769,213,819,,2277,4460,83933,28084,51520,4329
2012,MT,Montana,1005494,2803,29,392,,202,2180,26102,3920,20484,1698
2012,NC,North Carolina,9748364,34464,479,1984,,9392,22609,328594,99323,213151,16120
2012,ND,North Dakota,701345,1723,25,279,,127,1292,14297,2429,10687,1181
2012,NE,Nebraska,1855350,4802,52,710,,1128,2912,51203,8745,38301,4157
2012,NH,New Hampshire,1321617,2841,15,486,,471,1869,32074,5988,25024,1062
2012,NJ,New Jersey,8867749,25727,388,1035,,11385,12919,181481,42338,122662,16481
2012,NM,New Mexico,2083540,11660,116,957,,1847,8740,75094,21384,48247,5463
2012,NV,Nevada,2754354,16763,124,931,,4918,10790,77510,22120,45372,10018
2012,NY,New York,19576125,79535,683,2837,,28633,47382,375268,64389,293562,17317
2012,OH,Ohio,11553031,34827,478,3813,,15396,15140,370435,105312,245372,19751
2012,OK,Oklahoma,3815780,18102,220,1622,,3248,13012,130969,36094,83131,11744
2012,OR,Oregon,3899801,9638,91,1159,,2419,5969,126417,22051,94114,10252
2012,PA,Pennsylvania,12764475,45384,707,3371,,15735,25571,276562,57040,204409,15113
2012,RI,Rhode Island,1050304,2657,26,292,,715,1614,27039,5929,18478,2632
2012,SC,South Carolina,4723417,26474,332,1712,,4511,19919,181049,45222,122340,13487
2012,SD,South Dakota,834047,2701,23,600,,157,1921,17326,3280,12973,1073
2012,TN,Tennessee,6454914,41213,400,2047,,8151,30615,217925,56231,148731,12963
2012,TX,Texas,26060796,106475,1148,7715,,30385,67227,876459,205002,606425,65032
2012,UT,Utah,2854871,5939,52,975,,1105,3807,86284,13095,67157,6032
2012,VA,Virginia,8186628,15676,322,1505,,4718,9131,178434,29651,139654,9129
2012,VT,Vermont,625953,891,8,131,,114,638,15653,4179,11014,460
2012,WA,Washington,6895318,20553,217,2250,,5801,12285,254377,61376,166338,26663
2012,WI,Wisconsin,5724554,16254,169,1228,,4692,10165,140780,27931,104619,8230
2012,WV,West Virginia,1856680,5943,70,415,,835,4623,44500,11466,30800,2234
2012,WY,Wyoming,576626,1161,14,154,,61,932,13222,2125,10513,584
2013,,,316497531,1168298,14319,82109,113695,345093,726777,8651892,1932139,6019465,700288
2013,AK,Alaska,737259,4709,34,657,925,623,3127,21211,2917,16599,1695
2013,AL,Alabama,4833996,20834,346,1449,2055,4645,13788,161835,42410,108862,10563
2013,AR,Arkansas,2958765,13705,158,1135,1490,2261,9796,106477,30369,70430,5678
2013,AZ,Arizona,6634997,27576,355,2344,3174,6656,17391,223294,48292,158036,16966
2013,CA,California,38431393,154739,1746,7464,10324,53640,89029,1018907,232058,621557,165292
2013,CO,Colorado,5272086,16099,174,2198,2963,3136,9826,139974,25075,102375,12524
2013,CT,Connecticut,3599341,9439,91,647,891,3551,4906,71274,12934,52099,6241
2013,DC,District of Columbia,649111,8415,103,297,395,4082,3835,31097,3316,24547,3234
2013,DE,Delaware,925240,4633,41,278,399,1233,2960,29001,6299,21347,1355
2013,FL,Florida,19600311,91993,972,4765,6767,23200,61054,607170,138915,433344,34911
2013,GA,Georgia,9994759,37519,563,2022,2891,12704,21361,339808,83459,229190,27159
2013,HI,Hawaii,1408987,3585,32,366,508,934,2111,45266,7777,32928,4561
2013,IA,Iowa,3092341,8443,41,873,1133,937,6332,67976,15918,47803,4255
2013,ID,Idaho,1612843,3471,29,516,674,220,2548,30230,6693,21999,1538
2013,IL,Illinois,12890552,51956,722,3895,5340,17733,28161,296048,59093,216059,20896
2013,IN,Indiana,6570713,23627,357,1623,2241,7114,13915,187472,42754,130534,14184
2013,KS,Kansas,2895801,9928,117,1003,1295,1339,7177,85704,17476,61557,6671
2013,KY,Kentucky,4399583,9280,172,951,1646,3247,4215,104448,26331,72048,6069
2013,LA,Louisiana,4629284,24127,494,1248,1763,5539,16331,165679,41214,115300,9165
2013,MA,Massachusetts,6708874,27264,138,1722,2303,6705,18118,137274,30716,97437,9121
2013,MD,Maryland,5938737,28235,384,1179,1679,10048,16124,157918,31950,112551,13417
2013,ME,Maine,1328702,1761,24,366,495,335,907,30454,6480,23063,911
2013,MI,Michigan,9898193,44757,625,4506,6785,10093,27254,230135,56256,149794,24085
2013,MN,Minnesota,5422060,12710,114,1453,2014,3674,6908,131193,22713,100514,7966
2013,MO,Missouri,6044917,26216,369,1679,2305,5486,18056,189655,38797,134514,16344
2013,MS,Mississippi,2992206,8303,217,726,1024,2413,4649,81548,24969,52192,4387
2013,MT,Montana,1014864,2924,23,382,467,217,2217,26195,4122,20192,1881
2013,NC,North Carolina,9848917,33587,463,1790,2524,9275,21325,305631,90182,201043,14406
2013,ND,North Dakota,723857,1979,16,288,355,161,1447,15356,2979,10942,1435
2013,NE,Nebraska,1868969,4949,56,621,847,1035,3011,49197,8945,35791,4461
2013,NH,New Hampshire,1322616,2952,21,522,778,645,1708,30409,5283,24188,938
2013,NJ,New Jersey,8911502,25748,404,861,1189,12084,12071,167634,35883,118005,13746
2013,NM,New Mexico,2086895,12990,123,1135,1565,1832,9470,78958,21828,51146,5984
2013,NV,Nevada,2791494,16888,163,1090,1482,5183,10060,79177,23047,46132,9998
2013,NY,New York,19695680,77563,644,2575,3548,27241,46130,358603,56444,286676,15483
2013,OH,Ohio,11572005,33722,478,3594,4391,14483,14370,338414,91090,227799,19525
2013,OK,Oklahoma,3853118,17187,198,1715,2314,3023,11652,126418,33512,81624,11282
2013,OR,Oregon,3928068,9536,82,1000,1464,2394,5596,125083,20808,94363,9912
2013,PA,Pennsylvania,12781296,42825,611,2728,3795,14739,23680,263176,52000,197410,13766
2013,RI,Rhode Island,1053354,2710,31,333,449,683,1547,25741,5621,17881,2239
2013,SC,South Carolina,4771929,24263,305,1739,2233,3965,17760,173261,40930,119730,12601
2013,SD,South Dakota,845510,2733,18,454,507,156,2052,16274,3383,11955,936
2013,TN,Tennessee,6497269,38063,335,1904,2500,7333,27895,207683,51334,144443,11906
2013,TX,Texas,26505637,108757,1140,7610,10456,31810,65351,862289,191062,605440,65787
2013,UT,Utah,2902787,6644,51,926,1522,1247,3824,88334,13727,67115,7492
2013,VA,Virginia,8270345,16355,320,1476,2350,4574,9111,171558,26717,136215,8626
2013,VT,Vermont,626855,775,10,113,136,75,554,13882,3352,10193,337
2013,WA,Washington,6973742,20223,167,2072,2604,5829,11623,259139,58487,172227,28425
2013,WI,Wisconsin,5742953,16118,163,1308,1836,4834,9285,125694,24358,93946,7390
2013,WV,West Virginia,1853595,5657,62,367,700,653,4242,39929,9908,28055,1966
2013,WY,Wyoming,583223,1212,17,144,204,74,917,12809,1956,10275,578
2014,,,318907401,1153022,14164,84864,118027,322905,731089,8209010,1713153,5809054,686803
2014,AK,Alaska,737046,4684,41,553,771,629,3243,20334,3150,15445,1739
2014,AL,Alabama,4846411,20727,276,1425,2005,4702,13744,154087,39723,104223,10141
2014,AR,Arkansas,2966835,14248,175,1291,1816,2037,10220,99452,24816,69001,5635
2014,AZ,Arizona,6728783,26422,311,2356,3272,6225,16614,213406,43412,152683,17311
2014,CA,California,38792291,153763,1700,8389,11578,48681,91804,947193,202669,592673,151851
2014,CO,Colorado,5355588,16487,150,2236,3089,3037,10211,135789,23502,99688,12599
2014,CT,Connecticut,3594762,8575,89,579,794,3172,4520,69326,12017,51195,6114
2014,DC,District of Columbia,659836,8199,105,349,472,3497,4125,34147,3466,26898,3783
2014,DE,Delaware,935968,4568,50,274,390,1271,2857,27915,5765,20885,1265
2014,FL,Florida,19905569,91345,982,5038,7132,21621,61610,583774,121379,426197,36198
2014,GA,Georgia,10097132,38955,607,2209,3147,12786,22415,339146,78029,233359,27758
2014,HI,Hawaii,1420257,3362,20,388,548,952,1842,46022,7470,33003,5549
2014,IA,Iowa,3109481,8484,60,829,1150,1047,6227,65100,14363,46594,4143
2014,ID,Idaho,1634806,3439,32,463,645,203,2559,30440,6466,22297,1677
2014,IL,Illinois,12882189,47775,690,3182,4329,15271,27485,269647,50759,201003,17885
2014,IN,Indiana,6597880,24105,333,1608,2197,6894,14681,174909,36909,124144,13856
2014,KS,Kansas,2902507,10235,92,1066,1483,1361,7299,80029,15921,57169,6939
2014,KY,Kentucky,4412617,9495,164,1098,1556,3343,4432,99909,23426,70108,6375
2014,LA,Louisiana,4648990,23983,476,981,1382,5725,16400,161192,38541,113251,9400
2014,MA,Massachusetts,6755124,26689,133,1625,2202,6077,18277,125481,24951,92226,8304
2014,MD,Maryland,5975346,26767,362,1144,1632,9565,15208,150390,28134,109140,13116
2014,ME,Maine,1330256,1698,21,346,484,304,889,26427,5035,20591,801
2014,MI,Michigan,9916306,42555,544,4500,6364,8037,27610,202692,44328,137142,21222
2014,MN,Minnesota,5457125,12505,88,1448,2001,3687,6729,125377,20773,96237,8367
2014,MO,Missouri,6063827,26882,404,1728,2403,5592,18483,176436,35293,124769,16374
2014,MS,Mississippi,2993443,8331,259,768,1082,2405,4585,86887,23898,58515,4474
2014,MT,Montana,1023252,3361,38,396,558,202,2563,25525,3639,19826,2060
2014,NC,North Carolina,9940387,32718,498,1738,2432,8411,21377,285498,79266,192609,13623
2014,ND,North Dakota,740040,2001,23,275,382,175,1421,15857,2751,11559,1547
2014,NE,Nebraska,1882980,5201,53,645,878,1044,3226,47526,7936,35063,4527
2014,NH,New Hampshire,1327996,2625,16,438,596,544,1469,26098,4191,21051,856
2014,NJ,New Jersey,8938844,23319,352,953,1280,10499,11188,154945,31707,111534,11704
2014,NM,New Mexico,2085567,12465,101,1070,1481,2086,8797,73877,18505,49082,6290
2014,NV,Nevada,2838281,18043,170,987,1357,5954,10562,74574,21924,42466,10184
2014,NY,New York,19748858,75972,616,4316,6025,24036,45295,339113,50738,272624,15751
2014,OH,Ohio,11596998,33130,464,3825,5228,12780,14658,322517,79466,224942,18109
2014,OK,Oklahoma,3879610,16052,180,1361,1862,3073,10937,117445,29963,76719,10763
2014,OR,Oregon,3971202,10294,84,1165,1620,2270,6320,123142,18690,94177,10275
2014,PA,Pennsylvania,12793767,40298,610,2785,3839,13545,22304,246982,45718,188211,13053
2014,RI,Rhode Island,1054907,2320,26,264,366,530,1398,22982,4830,16317,1835
2014,SC,South Carolina,4829160,24038,322,1522,2185,4018,17513,168281,37163,118173,12945
2014,SD,South Dakota,853304,2801,23,336,478,199,2101,16036,2817,12209,1010
2014,TN,Tennessee,6547779,39989,369,1870,2595,7268,29757,200911,46798,141464,12649
2014,TX,Texas,26979078,109711,1192,8400,11636,31021,65862,813515,168085,577018,68412
2014,UT,Utah,2944498,6464,66,1114,1547,1313,3538,85473,11656,66487,7330
2014,VA,Virginia,8328098,16522,350,1687,2416,4294,9462,161934,23210,131001,7723
2014,VT,Vermont,626767,643,10,85,117,72,444,9721,2092,7375,254
2014,WA,Washington,7063166,20185,178,1999,2780,5641,11586,261257,55381,175317,30559
2014,WI,Wisconsin,5759432,16763,159,1216,1677,5101,9826,120535,21375,89255,9905
2014,WV,West Virginia,1848751,5850,84,417,594,655,4517,38282,9368,26954,1960
2014,WY,Wyoming,584304,1142,16,127,174,53,899,11477,1689,9185,603
2015,,,320896618,1199310,15883,91261,126134,328109,764057,8024115,1587564,5723488,713063
2015,AK,Alaska,737709,5391,59,648,900,761,3671,20806,3511,15249,2046
2015,AL,Alabama,4853875,22957,348,1449,2037,4612,15960,144785,35265,99182,10338
2015,AR,Arkansas,2977853,15769,189,1425,2008,2117,11455,97391,22851,68720,5820
2015,AZ,Arizona,6817565,27968,306,2268,3109,6360,18193,207184,38010,152388,16786
2015,CA,California,38993940,166883,1861,9341,12811,52862,99349,1024914,197404,656517,170993
2015,CO,Colorado,5448819,17348,173,2422,3328,3315,10532,144044,23490,104532,16022
2015,CT,Connecticut,3584730,7938,116,585,798,2925,4099,65610,10286,48898,6426
2015,DC,District of Columbia,670377,8538,162,365,494,3746,4136,31444,2971,25208,3265
2015,DE,Delaware,944076,4760,62,257,361,1240,3097,25545,4797,19555,1193
2015,FL,Florida,20244914,93625,1041,5396,7552,21137,63895,570270,109268,420341,40661
2015,GA,Georgia,10199398,38891,622,2343,3257,12545,22467,316013,68149,220715,27149
2015,HI,Hawaii,1431603,4201,19,382,538,1085,1878,45389,6810,33140,5439
2015,IA,Iowa,3121997,8619,73,877,1205,1050,6291,64688,14977,45328,4383
2015,ID,Idaho,1652828,3593,32,508,703,191,2667,28912,6124,20916,1872
2015,IL,Illinois,12839047,49755,754,3602,4926,15056,29019,256962,46846,192424,17692
2015,IN,Indiana,6612768,25373,370,1757,2386,7081,15536,171878,34404,123940,13534
2015,KS,Kansas,2906721,11483,126,1226,1684,1823,7850,80059,15619,57435,7005
2015,KY,Kentucky,4424611,9887,219,1165,1644,3314,4710,97545,22526,67143,7876
2015,LA,Louisiana,4668960,25202,492,1246,1733,5561,17416,157708,35457,112520,9731
2015,MA,Massachusetts,6784240,26453,131,1538,2082,5266,18974,114547,21826,84676,8045
2015,MD,Maryland,5994983,28185,538,1209,1717,10111,15819,142547,26432,102701,13414
2015,ME,Maine,1329453,1726,23,337,461,311,931,24361,4694,18853,814
2015,MI,Michigan,9917715,41712,585,4782,6710,7818,26599,191191,40375,132019,18797
2015,MN,Minnesota,5482435,13319,133,1679,2321,3771,7094,121984,19299,94704,7981
2015,MO,Missouri,6076204,30292,503,1858,2573,6383,20833,173788,34029,122749,17010
2015,MS,Mississippi,2989390,8190,253,851,1158,2312,4467,85785,25068,56446,4271
2015,MT,Montana,1032073,3647,38,405,572,210,2827,27276,3887,20966,2423
2015,NC,North Carolina,10035186,34734,517,1886,2591,8821,22805,275915,74760,187732,13423
2015,ND,North Dakota,756835,1949,21,285,391,159,1378,17716,3296,12686,1734
2015,NE,Nebraska,1893765,5167,62,648,885,994,3226,42597,6443,32148,4006
2015,NH,New Hampshire,1330111,2692,15,468,644,475,1558,23453,3482,19076,895
2015,NJ,New Jersey,8935421,22879,363,1019,1373,9729,11414,145701,27960,105963,11778
2015,NM,New Mexico,2080328,13672,117,1218,1663,2485,9407,77212,17084,51485,8643
2015,NV,Nevada,2883758,20118,178,1232,1688,6287,11965,77137,22360,43426,11351
2015,NY,New York,19747183,75126,613,4414,6141,23879,44493,317225,44117,257837,15271
2015,OH,Ohio,11605090,34373,522,3990,5441,12617,15793,303743,69994,216354,17395
2015,OK,Oklahoma,3907414,16746,240,1418,1953,3018,11535,114055,28783,74678,10594
2015,OR,Oregon,4024634,10680,110,1193,1650,2163,6757,119752,18541,90514,10697
2015,PA,Pennsylvania,12791904,40348,665,3105,4299,12965,22419,231941,39573,180236,12132
2015,RI,Rhode Island,1055607,2565,31,342,467,547,1520,20038,3938,14714,1386
2015,SC,South Carolina,4894834,24448,407,1717,2439,3950,17652,162830,34942,114778,13110
2015,SD,South Dakota,857919,3302,33,367,500,215,2554,16739,2969,12576,1194
2015,TN,Tennessee,6595056,40816,418,2032,2801,7499,30098,196047,43753,139259,13035
2015,TX,Texas,27429639,113193,1317,8941,12323,31924,67629,779234,153067,558653,67514
2015,UT,Utah,2990632,7138,57,1247,1704,1329,4048,89797,12606,68464,8727
2015,VA,Virginia,8367587,16705,390,1767,2499,4459,9357,157803,21542,128064,8197
2015,VT,Vermont,626088,747,10,104,150,105,482,9064,2034,6834,196
2015,WA,Washington,7160290,20505,218,2006,2778,5450,12059,249474,51114,171393,26967
2015,WI,Wisconsin,5767891,17549,240,1324,1805,5234,10270,114171,19602,83572,10997
2015,WV,West Virginia,1841053,6397,85,493,710,783,4819,38694,9467,26984,2243
2015,WY,Wyoming,586555,1300,16,124,171,59,1054,11151,1762,8797,592
2016,,,323405935,1285606,17413,96970,132414,332797,802982,7928530,1516405,5644835,767290
2016,AK,Alaska,741522,5966,52,754,1053,850,4011,24876,4053,17766,3057
2016,AL,Alabama,4860545,25878,407,1380,1915,4687,18869,143259,34045,97498,11716
2016,AR,Arkansas,2988231,16563,217,1600,2214,2125,12007,98092,23814,67091,7187
2016,AZ,Arizona,6908642,32542,389,2461,3304,7045,21804,207317,38216,150618,18483
2016,CA,California,39296476,174796,1930,10132,13702,54789,104375,1002070,188304,637010,176756
2016,CO,Colorado,5530105,19030,189,2680,3635,3525,11681,152146,23825,108680,19641
2016,CT,Connecticut,3587685,8169,79,580,791,2711,4588,64875,10107,47642,7126
2016,DC,District of Columbia,684336,8236,136,400,533,3500,4067,32377,2361,27089,2927
2016,DE,Delaware,952698,4859,58,224,311,1359,3131,26370,5028,19812,1530
2016,FL,Florida,20656589,88700,1111,5527,7598,20175,59816,553812,100325,410352,43135
2016,GA,Georgia,10313620,40268,682,2436,3381,12114,24091,307305,62715,218127,26463
2016,HI,Hawaii,1428683,3452,35,432,601,985,1831,42353,5983,30871,5499
2016,IA,Iowa,3130869,9170,73,941,1278,1150,6669,65888,15306,45580,5002
2016,ID,Idaho,1680026,3876,49,529,719,213,2895,29357,6318,20962,2077
2016,IL,Illinois,12835726,56054,1061,3713,5003,17829,32161,263256,48193,195196,19867
2016,IN,Indiana,6634007,26516,431,1813,2449,7291,16345,168460,33567,120454,14439
2016,KS,Kansas,2907731,11665,132,1193,1618,1757,8158,82293,14759,60119,7415
2016,KY,Kentucky,4436113,10452,265,1242,1748,3371,5068,97713,20932,66833,9948
2016,LA,Louisiana,4686157,26477,555,1329,1819,5575,18528,154511,34689,109492,10330
2016,MA,Massachusetts,6823721,25975,135,1601,2141,5365,18334,106430,19204,79155,8071
2016,MD,Maryland,6024752,29019,536,1317,1827,10815,15841,139716,24832,100995,13889
2016,ME,Maine,1330232,1649,20,301,413,268,948,21908,4001,17131,776
2016,MI,Michigan,9933445,45782,612,5217,7268,7123,30779,190249,39738,130249,20262
2016,MN,Minnesota,5525050,13365,101,1732,2349,3730,7185,117723,18582,90421,8720
2016,MO,Missouri,6091176,31720,538,1884,2557,6576,22049,170661,31716,120649,18296
2016,MS,Mississippi,2985415,8411,237,910,1282,2433,4459,82521,23489,54725,4307
2016,MT,Montana,1038656,3886,37,427,598,268,2983,28156,3966,21427,2763
2016,NC,North Carolina,10156689,37767,678,2086,2847,9336,24906,277765,72082,190377,15306
2016,ND,North Dakota,755548,1905,16,268,356,181,1352,17451,3248,12249,1954
2016,NE,Nebraska,1907603,5661,49,813,1108,946,3558,43197,6459,32009,4729
2016,NH,New Hampshire,1335015,2668,19,443,609,431,1609,20323,2989,16454,880
2016,NJ,New Jersey,8978416,21861,378,1088,1454,8940,11089,138012,25229,101459,11324
2016,NM,New Mexico,2085432,14585,139,1117,1527,2737,10182,81930,17280,52907,11743
2016,NV,Nevada,2939254,19924,228,1284,1729,6338,11629,75922,18816,43949,13157
2016,NY,New York,19836286,74315,629,4584,6281,22310,45095,305224,39850,250990,14384
2016,OH,Ohio,11622554,35759,683,4255,5754,12574,16748,300945,67081,214102,19762
2016,OK,Oklahoma,3921207,17855,247,1543,2100,3174,12334,118010,29376,76358,12276
2016,OR,Oregon,4085989,10983,116,1306,1784,2307,6776,121716,16919,91507,13290
2016,PA,Pennsylvania,12787085,40389,674,3250,4459,12314,22942,222394,35178,174147,13069
2016,RI,Rhode Island,1057566,2529,29,330,445,541,1514,18910,3650,14157,1103
2016,SC,South Carolina,4959822,25137,358,1786,2491,4071,18217,161534,33149,114455,13930
2016,SD,South Dakota,861542,3636,28,386,526,274,2808,17207,3002,12705,1500
2016,TN,Tennessee,6649404,42459,495,2056,2803,7829,31332,191199,40607,135353,15239
2016,TX,Texas,27904862,121064,1478,9905,13446,33298,72842,769892,148796,552106,68990
2016,UT,Utah,3044321,7406,74,1146,1560,1528,4244,90561,12938,68261,9362
2016,VA,Virginia,8414380,18495,482,2032,2830,4826,10357,157292,20159,127285,9848
2016,VT,Vermont,623354,851,14,120,170,78,589,9705,1884,7637,184
2016,WA,Washington,7280934,22101,195,2302,3133,5649,13124,254994,49249,173423,32322
2016,WI,Wisconsin,5772917,17716,232,1475,2005,4707,10772,111911,19498,82455,9958
2016,WV,West Virginia,1828637,6633,85,488,684,720,5144,37282,9127,25657,2498
2016,WY,Wyoming,584910,1431,20,152,206,59,1146,11460,1771,8889,800
2017,AK,Alaska,739786,6338,62,,1074,952,4250,26203,4167,17782,4254
2017,AL,Alabama,4875120,25469,419,,2001,4233,18816,143774,31270,99707,12797
2017,AR,Arkansas,3002997,16996,249,,2140,1998,12609,94419,22369,64795,7255
2017,AZ,Arizona,7048876,35647,422,,3622,7440,24163,204999,37722,148251,19026
2017,CA,California,39399349,178597,1830,,14724,56625,105418,987063,176679,642019,168365
2017,CO,Colorado,5615902,20901,222,,4021,3868,12790,152032,22618,107470,21944
2017,CT,Connecticut,3573880,8190,105,,850,2813,4422,63646,8906,47418,7322
2017,DC,District of Columbia,695691,6976,116,,444,2625,3791,29736,1809,25340,2587
2017,DE,Delaware,957078,4377,51,,351,1082,2893,23430,3960,18108,1362
2017,FL,Florida,20976812,85606,1057,,7936,18597,58016,527125,88835,395375,42915
2017,GA,Georgia,10413055,37118,681,,2646,9844,23947,297651,55363,216252,26036
2017,HI,Hawaii,1424203,3577,39,,567,1077,1894,40392,5549,29574,5269
2017,IA,Iowa,3143637,9038,98,,1305,1269,6366,65652,14711,45441,5500
2017,ID,Idaho,1718904,4111,42,,755,222,3092,28557,5837,20570,2150
2017,IL,Illinois,12786196,55777,983,,5424,17731,31639,255108,43355,190860,20893
2017,IN,Indiana,6660082,26307,413,,2612,7035,16247,158932,29799,114395,14738
2017,KS,Kansas,2910689,11654,134,,1504,1633,8383,79387,13102,58891,7394
2017,KY,Kentucky,4453874,10292,265,,1817,2967,5243,95899,20535,65006,10358
2017,LA,Louisiana,4670818,25986,576,,1850,5385,18175,157272,34135,112042,11095
2017,MA,Massachusetts,6863246,24318,172,,2199,4874,17073,97977,16916,73573,7488
2017,MD,Maryland,6024891,30321,558,,1712,11189,16862,134705,23526,97657,13522
2017,ME,Maine,1335063,1610,23,,470,249,868,20142,3337,16012,793
2017,MI,Michigan,9976447,44883,569,,7110,6508,30696,179839,35833,124410,19596
2017,MN,Minnesota,5568155,13345,114,,2405,3627,7199,122430,18828,93602,10000
2017,MO,Missouri,6108612,32450,599,,2737,6362,22752,173380,30086,123356,19938
2017,MS,Mississippi,2989663,7661,190,,658,2492,4321,82764,22449,55968,4347
2017,MT,Montana,1053090,3937,41,,639,234,3023,27294,3623,21073,2598
2017,NC,North Carolina,10270800,38043,622,,1944,9884,25593,265483,65247,184119,16117
2017,ND,North Dakota,755176,2133,10,,406,183,1534,16653,2947,11944,1762
2017,NE,Nebraska,1917575,5979,42,,1191,1020,3726,43856,6513,32064,5279
2017,NH,New Hampshire,1349767,2642,13,,619,441,1569,18550,2554,15087,909
2017,NJ,New Jersey,8888543,20604,324,,1505,7895,10880,140086,23891,104025,12170
2017,NM,New Mexico,2093395,16300,144,,1244,3732,11180,81865,17872,52284,11709
2017,NV,Nevada,2972405,16663,266,,1896,4841,9660,78320,20049,45459,12812
2017,NY,New York,19590719,70746,550,,6297,20122,43777,293390,34928,245093,13369
2017,OH,Ohio,11664129,34621,741,,5833,11224,16823,280557,57521,202320,20716
2017,OK,Oklahoma,3932640,17989,243,,2220,3007,12519,113611,28749,72546,12316
2017,OR,Oregon,4146592,11629,105,,1992,2474,7058,122524,17415,88091,17018
2017,PA,Pennsylvania,12790447,40030,742,,4216,11777,23295,210316,31925,165434,12957
2017,RI,Rhode Island,1056486,2474,21,,454,474,1525,18585,3219,13882,1484
2017,SC,South Carolina,5021219,25412,380,,2576,3884,18572,160368,31165,114931,14272
2017,SD,South Dakota,873286,3753,27,,575,264,2887,16588,2835,12285,1468
2017,TN,Tennessee,6708794,43940,538,,3028,7867,32507,198028,38819,140636,18573
2017,TX,Texas,28322717,123984,1405,,14536,32120,75923,723143,133458,521767,67918
2017,UT,Utah,3103118,7515,74,,1758,1498,4185,86201,11780,64955,9466
2017,VA,Virginia,8465207,17811,470,,3026,4331,9984,152515,18524,123812,10179
2017,VT,Vermont,624525,1082,17,,254,100,711,9339,1945,7169,225
2017,WA,Washington,7425432,22483,226,,3300,5386,13571,235206,43687,162154,29365
2017,WI,Wisconsin,5792051,18638,192,,2177,4370,11899,104908,17570,77868,9470
2017,WV,West Virginia,1817048,6564,98,,793,673,5000,32560,7557,21917,3086
2017,WY,Wyoming,578934,1358,14,,253,98,993,10528,1556,8211,761
2017,,,325147121,1283875,17294,,135666,320596,810319,7682988,1397045,5513000,772943
2018,AK,Alaska,735139,6555,47,,1212,896,4400,24345,3985,16364,3996
2018,AL,Alabama,4887681,25567,383,,2032,4047,19105,138702,29101,96328,13273
2018,AR,Arkansas,3009733,16904,222,,2341,1593,12748,89177,19520,62350,7307
2018,AZ,Arizona,7158024,34053,383,,3605,6509,23556,192730,31787,141789,19154
2018,CA,California,39461588,176604,1739,,15506,54328,105031,941644,164645,621779,155220
2018,CO,Colorado,5691287,22851,215,,4328,3781,14527,154292,21757,110518,22017
2018,CT,Connecticut,3571520,7485,86,,873,2205,4321,59356,7983,44181,7192
2018,DC,District of Columbia,701547,6995,160,,450,2415,3970,30726,1788,26345,2593
2018,DE,Delaware,965479,4079,46,,334,861,2838,22405,3154,17780,1471
2018,FL,Florida,21244317,81980,1107,,8438,16884,55551,486017,71933,372919,41165
2018,GA,Georgia,10511131,35619,647,,2798,8499,23675,277803,46816,205631,25356
2018,HI,Hawaii,1420593,3622,40,,709,951,1922,41027,5709,29600,5718
2018,IA,Iowa,3148618,8303,70,,1126,989,6118,57024,12433,39498,5093
2018,ID,Idaho,1750536,4196,34,,927,195,3040,25822,4990,18876,1956
2018,IL,Illinois,12723071,52343,902,,6106,14251,31084,246679,39317,187517,19845
2018,IN,Indiana,6695497,25009,418,,2486,5737,16368,146948,25894,105861,15193
2018,KS,Kansas,2911359,12861,122,,1664,1420,9655,77449,12792,56726,7931
2018,KY,Kentucky,4461153,9719,250,,1875,2469,5125,89235,17462,61313,10460
2018,LA,Louisiana,4659690,25314,533,,2105,4600,18076,152996,31291,110066,11639
2018,MA,Massachusetts,6882635,23424,138,,2465,4084,16737,87658,14095,66968,6595
2018,MD,Maryland,6035802,28330,491,,1991,9716,16132,122945,18910,91887,12148
2018,ME,Maine,1339057,1500,23,,447,228,802,18201,2712,14712,777
2018,MI,Michigan,9984072,45176,555,,7901,5638,31082,166186,31834,116876,17476
2018,MN,Minnesota,5606249,12403,107,,2475,2946,6875,112186,16206,85849,10131
2018,MO,Missouri,6121623,30696,599,,2935,5206,21956,162698,27345,115506,19847
2018,MS,Mississippi,2981020,7929,214,,596,1700,5419,71701,20355,46201,5145
2018,MT,Montana,1060665,4040,37,,569,270,3164,26787,3329,20641,2817
2018,NC,North Carolina,10381615,36980,574,,2633,7573,26200,243323,57450,169376,16497
2018,ND,North Dakota,758080,2154,18,,409,158,1569,15621,2742,11088,1791
2018,NE,Nebraska,1925614,5583,44,,1290,736,3513,40193,5308,29987,4898
2018,NH,New Hampshire,1353465,2404,21,,578,342,1463,17201,1908,14396,897
2018,NJ,New Jersey,8886025,18536,285,,1424,6364,10463,125155,19232,94886,11037
2018,NM,New Mexico,2092741,17637,153,,1302,2646,13536,70722,16102,44592,10028
2018,NV,Nevada,3027341,16715,202,,2329,3862,10322,73998,17741,44341,11916
2018,NY,New York,19530351,68512,562,,6577,18191,43182,281543,31158,237243,13142
2018,OH,Ohio,11676341,34426,596,,5852,9608,18370,257848,49456,188433,19959
2018,OK,Oklahoma,3940235,18701,215,,2431,2805,13250,114395,27178,73799,13418
2018,OR,Oregon,4181886,12146,86,,2114,2515,7431,122401,16515,89191,16695
2018,PA,Pennsylvania,12800922,39099,784,,4490,9854,23971,190633,27054,150441,13138
2018,RI,Rhode Island,1058287,2326,16,,494,453,1363,17625,2817,13270,1538
2018,SC,South Carolina,5084156,25463,411,,2650,3592,18810,156330,29957,111427,14946
2018,SD,South Dakota,878698,3483,12,,617,222,2632,15191,2502,11237,1452
2018,TN,Tennessee,6771631,42687,508,,3011,7222,31946,192897,33538,138710,20649
2018,TX,Texas,28628666,118197,1327,,15098,28339,73433,681143,117897,493238,70008
2018,UT,Utah,3153550,7551,63,,1854,1237,4397,76294,10079,58406,7809
2018,VA,Virginia,8501286,17357,417,,3072,3610,10258,142931,15659,116496,10776
2018,VT,Vermont,624358,1155,11,,326,73,745,8211,1496,6451,264
2018,WA,Washington,7523869,23719,236,,3610,5557,14316,223256,40434,154941,27881
2018,WI,Wisconsin,5807406,17365,175,,2333,3493,11364,91238,14180,68380,8678
2018,WV,West Virginia,1804291,5411,76,,716,333,4286,27888,5916,19783,2189
2018,WY,Wyoming,577601,1235,14,,261,75,885,10308,1551,7974,783
2018,,,326687501,1252399,16374,,143765,281278,810982,7219084,1235013,5232167,751904
2019,AK,Alaska,731545,6343,69,,1088,826,4360,21294,3563,15114,2617
2019,AL,Alabama,4903185,25046,358,,2068,3941,18679,131133,26079,92477,12577
2019,AR,Arkansas,3017804,17643,242,,2331,1557,13513,86250,18095,60735,7420
2019,AZ,Arizona,7278717,33141,365,,3662,6410,22704,177638,28699,130788,18151
2019,CA,California,39512223,174331,1690,,14799,52301,105541,921114,152555,626802,141757
2019,CO,Colorado,5758736,21938,218,,3872,3663,14185,149189,20064,107012,22113
2019,CT,Connecticut,3565287,6546,104,,771,1929,3742,50862,6441,38457,5964
2019,DC,District of Columbia,705749,7403,166,,345,2713,4179,30821,1843,26645,2333
2019,DE,Delaware,973764,4115,48,,310,790,2967,21931,2968,17359,1604
2019,FL,Florida,21477737,81270,1122,,8456,16217,55475,460846,63396,358402,39048
2019,GA,Georgia,10617423,36170,654,,2922,7961,24633,252249,39506,188967,23776
2019,HI,Hawaii,1415872,4042,48,,765,1131,2098,40228,5340,29634,5254
2019,IA,Iowa,3155070,8410,60,,1164,863,6323,54699,11710,37847,5142
2019,ID,Idaho,1787065,4000,35,,809,155,3001,21793,3927,16295,1571
2019,IL,Illinois,12671821,51561,832,,6078,12464,32187,233984,34433,180776,18775
2019,IN,Indiana,6732219,24966,377,,2475,5331,16783,132694,21795,97176,13723
2019,KS,Kansas,2913314,11968,105,,1416,1293,9154,67428,9984,50165,7279
2019,KY,Kentucky,4467673,9701,221,,1572,2161,5747,84769,15443,59130,10196
2019,LA,Louisiana,4648794,25537,544,,2273,4025,18695,146993,26918,109359,10716
2019,MA,Massachusetts,6892503,22578,152,,2204,3613,16609,81317,12341,62844,6132
2019,MD,Maryland,6045680,27456,542,,1913,9203,15798,117901,16862,89780,11259
2019,ME,Maine,1344212,1548,20,,516,188,824,16743,2350,13667,726
2019,MI,Michigan,9986857,43686,556,,7235,5350,30545,158296,28572,111980,17744
2019,MN,Minnesota,5639632,13332,117,,2448,3149,7618,117236,15927,90092,11217
2019,MO,Missouri,6137428,30380,568,,2917,4959,21936,161946,26414,114460,21072
2019,MS,Mississippi,2976149,8272,332,,747,1700,5493,70707,18660,46300,5747
2019,MT,Montana,1068778,4328,27,,624,205,3472,23440,2887,18176,2377
2019,NC,North Carolina,10488084,38995,632,,3247,7599,27517,247236,54447,174728,18061
2019,ND,North Dakota,762062,2169,24,,437,179,1529,15066,2608,10666,1792
2019,NE,Nebraska,1934408,5821,45,,1253,792,3731,39449,4745,29719,4985
2019,NH,New Hampshire,1359711,2074,33,,590,313,1138,16442,1717,13832,893
2019,NJ,New Jersey,8882190,18375,262,,1531,5730,10852,118637,16399,91902,10336
2019,NM,New Mexico,2096829,17450,181,,1288,2341,13640,65269,14610,41702,8957
2019,NV,Nevada,3080156,15210,143,,2161,3286,9620,71525,15510,44755,11260
2019,NY,New York,19453561,69764,558,,6583,18068,44555,267155,27600,226851,12704
2019,OH,Ohio,11689100,34269,538,,5731,8846,19154,240291,43894,177725,18672
2019,OK,Oklahoma,3956971,17086,266,,2268,2369,12183,112587,26577,72632,13378
2019,OR,Oregon,4217737,11995,116,,1778,2276,7825,115170,14724,85261,15185
2019,PA,Pennsylvania,12801989,39228,669,,4351,9743,24465,179665,23354,143921,12390
2019,RI,Rhode Island,1059361,2342,25,,491,418,1408,16259,2321,12580,1358
2019,SC,South Carolina,5148714,26323,464,,2460,3294,20105,151389,27461,108953,14975
2019,SD,South Dakota,884659,3530,17,,642,195,2676,15667,2646,11265,1756
2019,TN,Tennessee,6829174,40647,498,,2813,6150,31186,181153,29869,132104,19180
2019,TX,Texas,28995881,121474,1409,,14824,28988,76253,693204,113902,501813,77489
2019,UT,Utah,3205958,7553,72,,1822,1125,4534,69546,8871,53937,6738
2019,VA,Virginia,8535519,17753,426,,2816,3524,10987,140213,13900,116044,10269
2019,VT,Vermont,623989,1262,11,,278,71,902,8888,1275,7315,298
2019,WA,Washington,7614893,22377,198,,3332,5147,13700,204224,34540,145282,24402
2019,WI,Wisconsin,5822434,17070,175,,2261,2991,11643,85672,12667,65620,7385
2019,WV,West Virginia,1792147,5674,78,,754,378,4464,28376,5891,20066,2419
2019,WY,Wyoming,578759,1258,13,,324,67,854,9093,1396,6984,713
2019,,,328239523,1245410,16425,,139815,267988,821182,6925677,1117696,5086096,721885
